Row_ID	p_cat|groups|oily-norm	p_cat|base|sebum	p_cat|base|skicon
5			< 0.1
9			< 0.1
10			< 0.1
24		< 0.1	
48		< 0.1	
57			< 0.1
89		< 0.1	
144			< 0.01
167		< 0.01	
173			< 0.1
181		< 0.1	
208			< 0.01
222	< 0.1	< 0.1	
242			< 0.01
265			< 0.1
276			< 0.1
286		< 0.1	
293	< 0.1		< 0.1
356	< 0.1		< 0.1
361	< 0.1		
379			< 0.1
380			< 0.1
467	< 0.1		
498	< 0.01	< 0.1	
533			< 0.1
564			< 0.1
578			< 0.1
602			< 0.01
613	< 0.01	< 0.01	
625	< 0.1		
639		< 0.1	< 0.1
670		< 0.1	
685	< 0.1		< 0.1
718	< 0.1	< 0.01	
755	< 0.1		< 0.1
768			< 0.1
783			< 0.1
821		< 0.1	
843	< 0.1	< 0.1	< 0.1
853	< 0.1		
909			< 0.1
915			< 0.01
926			< 0.1
938			< 0.001
956			< 0.1
981			< 0.01
999			< 0.1
1012			< 0.1
1021		< 0.1	
1052			< 0.01
1092			< 0.1
1118		< 0.1	
1149			< 0.1
1159	< 0.1	< 0.1	
1191			< 0.1
1235			< 0.1
1258	< 0.1	< 0.1	
1312	< 0.1	< 0.1	
1340	< 0.1	< 0.1	
1354			< 0.1
1431			< 0.1
1563			< 0.1
1587			< 0.1
1589	< 0.1	< 0.1	
1591	< 0.1	< 0.1	
1594	< 0.1	< 0.1	< 0.01
1595	< 0.01	< 0.1	< 0.1
1596			< 0.1
1599	< 0.1	< 0.1	
1609	< 0.1		
1610	< 0.1	< 0.1	
1612	< 0.1	< 0.1	
1613	< 0.1	< 0.1	
1614			< 0.1
1615	< 0.1	< 0.1	
1616	< 0.1	< 0.1	< 0.01
1621	< 0.1	< 0.1	
1622	< 0.01	< 0.001	
1623			< 0.1
1626		< 0.1	< 0.1
1627			< 0.1
1632			< 0.1
1636			< 0.1
1637	< 0.1	< 0.1	< 0.1
1648		< 0.1	
1651			< 0.01
1654			< 0.1
1657	< 0.1	< 0.01	
1658			< 0.1
1660	< 0.1	< 0.1	
1667		< 0.1	
1672			< 0.1
1676	< 0.1	< 0.1	< 0.1
1677			< 0.1
1678			< 0.1
1679		< 0.1	
1680			< 0.1
1682			< 0.1
1684			< 0.1
1685			< 0.1
1686			< 0.1
1689		< 0.1	
1690			< 0.1
1691			< 0.01
1692	< 0.1		
1697			< 0.01
1705	< 0.1		
1707	< 0.1	< 0.1	
1709	< 0.1	< 0.1	
1710			< 0.01
1712	< 0.1		
1714			< 0.01
1717			< 0.1
1719			< 0.1
1721			< 0.1
1725			< 0.1
1730			< 0.1
1735			< 0.1
1737	< 0.1	< 0.1	
1739			< 0.1
1740	< 0.01	< 0.001	
1743	< 0.1	< 0.1	
1746		< 0.1	< 0.1
1749		< 0.1	< 0.1
1750			< 0.1
1751			< 0.01
1752			< 0.01
1756			< 0.1
1759			< 0.1
1760	< 0.1		< 0.1
1769			< 0.1
1771	< 0.1		< 0.1
1773			< 0.1
1775			< 0.1
1776		< 0.1	
1777			< 0.1
1779	< 0.1	< 0.1	
1783			< 0.1
1785		< 0.1	< 0.1
1788		< 0.1	
1800			< 0.1
1804			< 0.1
1805			< 0.1
1806	< 0.01	< 0.1	< 0.01
1808			< 0.1
1810			< 0.1
1816	< 0.01	< 0.1	
1817	< 0.1	< 0.1	< 0.1
1819			< 0.1
1820			< 0.01
1824			< 0.01
1825		< 0.1	< 0.1
1827	< 0.1	< 0.01	
1830	< 0.1		< 0.1
1831	< 0.1		
1833			< 0.1
1834	< 0.01	< 0.1	< 0.1
1835			< 0.1
1836	< 0.01		
1840			< 0.001
1842		< 0.1	
1843			< 0.001
1844			< 0.1
1847			< 0.1
1849			< 0.1
1853		< 0.1	
1855	< 0.1		< 0.1
1858			< 0.1
1861	< 0.1	< 0.1	
1864	< 0.1		
1868	< 0.01	< 0.01	< 0.1
1870	< 0.1	< 0.1	
1871			< 0.1
1876			< 0.1
1878			< 0.01
1879	< 0.1		
1882		< 0.1	
1883			< 0.1
1885			< 0.1
1889			< 0.01
1894	< 0.1	< 0.1	< 0.01
1895			< 0.1
1901			< 0.1
1905	< 0.1	< 0.1	
1906	< 0.1	< 0.01	
1908			< 0.1
1917	< 0.1		
1924	< 0.1		
1931	< 0.1		< 0.01
1932	< 0.1	< 0.1	
1933			< 0.1
1934	< 0.1	< 0.1	
1935			< 0.1
1937	< 0.1	< 0.01	
1938			< 0.1
1948	< 0.1		
1951		< 0.01	
1952			< 0.1
1959	< 0.1		
1960			< 0.1
1963	< 0.1	< 0.1	
1966			< 0.1
1967		< 0.1	
1969			< 0.001
1971			< 0.1
1972		< 0.1	
1975	< 0.1		< 0.1
1983		< 0.1	< 0.1
1984			< 0.1
1985			< 0.1
1990	< 0.1	< 0.1	< 0.1
1994		< 0.1	
2002			< 0.1
2010			< 0.01
2018	< 0.1		
2022			< 0.1
2028			< 0.01
2032	< 0.1	< 0.1	
2041			< 0.1
2042	< 0.1	< 0.1	
2047			< 0.1
2048			< 0.1
2049			< 0.1
2054			< 0.1
2058			< 0.1
2060		< 0.1	
2071			< 0.1
2073			< 0.1
2076			< 0.1
2079			< 0.1
2080	< 0.1		< 0.1
2085	< 0.1		
2086			< 0.01
2089	< 0.1	< 0.01	
2095	< 0.1		
2100			< 0.1
2103			< 0.1
2105			< 0.01
2113	< 0.1	< 0.1	
2120			< 0.01
2122			< 0.1
2125		< 0.1	
2127	< 0.1	< 0.1	< 0.1
2135			< 0.1
2140	< 0.1		
2141			< 0.1
2142			< 0.1
2152	< 0.1	< 0.1	
2161		< 0.1	< 0.1
2167			< 0.1
2169		< 0.1	
2182			< 0.01
2189		< 0.1	
2192			< 0.1
2202		< 0.1	< 0.1
2214			< 0.1
2215			< 0.01
2234		< 0.1	
2252			< 0.1
2255	< 0.1	< 0.1	
2267		< 0.1	
2279			< 0.1
2280	< 0.1	< 0.1	
2284			< 0.1
2286			< 0.1
2288			< 0.1
2293			< 0.01
2296			< 0.01
2305		< 0.1	
2311			< 0.1
2312		< 0.1	
2320	< 0.1	< 0.01	
2326			< 0.1
2327			< 0.1
2333			< 0.1
2339			< 0.1
2341	< 0.1	< 0.1	< 0.01
2350			< 0.01
2352			< 0.1
2361	< 0.1	< 0.1	< 0.1
2363		< 0.1	
2368			< 0.1
2374		< 0.1	
2375			< 0.1
2380			< 0.1
2386			< 0.1
2388			< 0.1
2395			< 0.01
2400			< 0.001
2402	< 0.1		< 0.01
2403	< 0.1	< 0.01	
2405		< 0.1	
2407			< 0.1
2410			< 0.1
2413			< 0.1
2414	< 0.1	< 0.01	
2417		< 0.1	< 0.01
2419	< 0.1	< 0.1	
2423			< 0.01
2426		< 0.1	
2427			< 0.1
2428		< 0.1	
2432	< 0.1		
2433			< 0.1
2434		< 0.1	
2437			< 0.1
2443			< 0.1
2444		< 0.1	
2446	< 0.1		< 0.001
2449		< 0.1	< 0.1
2450	< 0.1		
2451	< 0.1		< 0.1
2458		< 0.1	
2459			< 0.1
2460			< 0.1
2461	< 0.1	< 0.1	
2466			< 0.1
2469		< 0.1	
2470			< 0.1
2471			< 0.1
2476			< 0.1
2477	< 0.1		< 0.1
2486			< 0.1
2489		< 0.1	
2490			< 0.1
2492	< 0.1	< 0.1	
2496		< 0.1	
2497		< 0.1	
2500	< 0.01	< 0.01	
2504	< 0.1	< 0.1	
2505			< 0.01
2506			< 0.1
2511		< 0.1	
2513		< 0.1	
2516		< 0.1	
2517			< 0.1
2521			< 0.1
2522	< 0.1		
2528			< 0.1
2532	< 0.1	< 0.1	
2534	< 0.1	< 0.01	
2535		< 0.1	
2538	< 0.1	< 0.1	< 0.01
2539			< 0.01
2540	< 0.1		< 0.1
2541			< 0.1
2545			< 0.1
2549		< 0.1	
2551		< 0.1	
2553	< 0.1		
2556	< 0.1	< 0.1	
2558			< 0.1
2559	< 0.1	< 0.1	
2562		< 0.1	
2567		< 0.1	
2569			< 0.1
2570		< 0.1	
2573			< 0.1
2574			< 0.1
2578			< 0.1
2580			< 0.01
2582		< 0.1	
2588			< 0.1
2590		< 0.1	
2592	< 0.1		
2593			< 0.1
2595			< 0.1
2596		< 0.1	
2601			< 0.1
2603			< 0.1
2604	< 0.1		
2609	< 0.1	< 0.1	
2611			< 0.1
2615			< 0.1
2623			< 0.1
2630	< 0.1		
2632	< 0.1		< 0.1
2639	< 0.1	< 0.01	
2642			< 0.001
2644			< 0.1
2648			< 0.1
2650		< 0.1	< 0.1
2651			< 0.1
2652			< 0.1
2657	< 0.1		
2658			< 0.1
2661	< 0.01	< 0.1	
2668			< 0.001
2670			< 0.1
2676	< 0.1	< 0.1	
2679			< 0.1
2682			< 0.1
2696			< 0.1
2701			< 0.1
2704			< 0.01
2706	< 0.1		
2709		< 0.1	
2712			< 0.1
2714			< 0.1
2720	< 0.1		< 0.1
2723			< 0.1
2724			< 0.1
2729			< 0.1
2730			< 0.1
2734			< 0.1
2736			< 0.01
2738			< 0.1
2741			< 0.1
2744			< 0.1
2747	< 0.1		< 0.1
2762			< 0.1
2765			< 0.1
2769			< 0.1
2771			< 0.1
2772			< 0.1
2773			< 0.1
2775			< 0.001
2778	< 0.1	< 0.1	
2780		< 0.1	
2785	< 0.1		< 0.1
2786			< 0.1
2787			< 0.1
2791			< 0.1
2794		< 0.1	
2795	< 0.1	< 0.1	
2796		< 0.1	
2803	< 0.01	< 0.01	
2804			< 0.1
2812		< 0.1	
2815			< 0.1
2817			< 0.1
2835			< 0.01
2836	< 0.1	< 0.1	< 0.1
2841			< 0.1
2844			< 0.1
2847	< 0.1		
2849			< 0.1
2866			< 0.1
2870			< 0.1
2875	< 0.1		
2880		< 0.1	
2883			< 0.1
2887	< 0.1	< 0.1	
2888			< 0.1
2890			< 0.1
2894	< 0.01	< 0.1	
2902	< 0.1	< 0.01	< 0.1
2904			< 0.1
2907	< 0.1	< 0.1	
2911	< 0.1		
2914		< 0.1	
2918	< 0.1		
2919			< 0.1
2926			< 0.1
2928			< 0.1
2936		< 0.1	
2938	< 0.1		
2940	< 0.1		
2945			< 0.1
2949			< 0.1
2953		< 0.1	
2956			< 0.01
2961			< 0.01
2964			< 0.1
2967			< 0.1
2969			< 0.01
2972	< 0.1		< 0.1
2989			< 0.1
3003		< 0.1	< 0.01
3015	< 0.1		
3019			< 0.1
3023			< 0.1
3026			< 0.1
3035		< 0.1	
3044	< 0.01	< 0.01	
3056			< 0.1
3060		< 0.1	
3061	< 0.1	< 0.1	
3063	< 0.1		< 0.1
3067			< 0.1
3072			< 0.1
3074			< 0.1
3078	< 0.01	< 0.1	
3085	< 0.1	< 0.1	
3088	< 0.1	< 0.1	< 0.1
3089	< 0.1	< 0.1	
3090	< 0.1	< 0.1	< 0.1
3091	< 0.1		< 0.001
3095		< 0.1	
3096			< 0.1
3097			< 0.1
3104		< 0.1	
3106			< 0.1
3108	< 0.1	< 0.01	
3114	< 0.1		< 0.1
3115		< 0.1	
3117			< 0.1
3122			< 0.1
3125			< 0.1
3134		< 0.1	
3146			< 0.1
3148			< 0.1
3153			< 0.1
3154		< 0.1	
3158			< 0.1
3165			< 0.1
3166			< 0.1
3169	< 0.1	< 0.01	
3170		< 0.1	
3172			< 0.1
3179	< 0.1		
3193			< 0.1
3199			< 0.1
3202	< 0.1	< 0.1	
3210		< 0.1	
3225	< 0.1		
3227			< 0.1
3229			< 0.1
3234	< 0.01	< 0.1	
3236			< 0.1
3238			< 0.1
3241	< 0.1	< 0.1	
3249			< 0.1
3276	< 0.1		
3278			< 0.1
3280	< 0.1		
3282		< 0.01	
3289	< 0.1	< 0.1	
3295			< 0.01
3297			< 0.1
3304			< 0.1
3307			< 0.1
3308		< 0.1	< 0.1
3309			< 0.1
3316	< 0.1		< 0.1
3321			< 0.1
3325		< 0.1	< 0.1
3327	< 0.1		
3328		< 0.1	
3329			< 0.1
3332			< 0.1
3335	< 0.1		< 0.1
3336			< 0.1
3342	< 0.1	< 0.1	
3343		< 0.1	
3348		< 0.1	< 0.1
3349		< 0.1	< 0.1
3357			< 0.1
3365			< 0.1
3366			< 0.1
3377	< 0.1	< 0.1	
3379	< 0.1		
3388			< 0.1
3390	< 0.1	< 0.01	
3402			< 0.01
3407		< 0.1	
3417	< 0.01	< 0.1	< 0.01
3418			< 0.1
3422	< 0.1	< 0.1	
3423			< 0.1
3426	< 0.1	< 0.01	
3427		< 0.1	
3431		< 0.1	< 0.1
3433	< 0.1	< 0.1	< 0.1
3435		< 0.01	
3437			< 0.1
3439			< 0.001
3441		< 0.1	
3443			< 0.1
3452	< 0.1	< 0.1	
3453	< 0.1		
3454			< 0.1
3458			< 0.1
3460			< 0.1
3467	< 0.01	< 0.1	< 0.001
3480	< 0.1		< 0.1
3482	< 0.1	< 0.1	< 0.1
3484		< 0.1	
3488	< 0.1	< 0.01	< 0.1
3490			< 0.1
3494			< 0.1
3495			< 0.1
3501			< 0.1
3504			< 0.1
3511	< 0.1		< 0.1
3515			< 0.1
3516		< 0.1	
3519			< 0.1
3521			< 0.1
3524			< 0.1
3526	< 0.1		< 0.1
3534	< 0.1	< 0.1	
3535			< 0.1
3539	< 0.1		
3542			< 0.1
3547	< 0.1	< 0.1	
3555		< 0.1	
3556	< 0.1		< 0.01
3557			< 0.001
3565			< 0.1
3567		< 0.1	< 0.1
3570			< 0.1
3574			< 0.1
3581		< 0.1	< 0.01
3586	< 0.01	< 0.01	< 0.1
3590			< 0.01
3591	< 0.1	< 0.1	
3592	< 0.1		
3598			< 0.1
3599			< 0.1
3609			< 0.01
3612			< 0.1
3624			< 0.01
3633	< 0.1	< 0.1	
3641			< 0.1
3643			< 0.1
3645		< 0.1	
3647			< 0.001
3650	< 0.1		< 0.001
3652	< 0.01	< 0.1	
3656			< 0.01
3658	< 0.1	< 0.1	< 0.1
3663	< 0.1		
3664	< 0.1		< 0.1
3666			< 0.01
3670			< 0.1
3675	< 0.1		
3678			< 0.001
3679	< 0.1		< 0.1
3690			< 0.1
3693			< 0.1
3694			< 0.1
3697			< 0.1
3701			< 0.1
3712			< 0.1
3714			< 0.1
3719			< 0.1
3726			< 0.1
3729			< 0.1
3733	< 0.1	< 0.1	< 0.01
3737			< 0.01
3740			< 0.1
3743	< 0.1		
3744	< 0.1		< 0.1
3751			< 0.1
3761			< 0.1
3763			< 0.1
3770			< 0.1
3781		< 0.1	< 0.1
3782		< 0.1	
3788	< 0.1		< 0.01
3789	< 0.1	< 0.1	
3791			< 0.1
3792	< 0.1		< 0.001
3797			< 0.1
3800		< 0.1	
3806			< 0.1
3808	< 0.1	< 0.1	
3813	< 0.1	< 0.1	< 0.01
3814			< 0.1
3822			< 0.01
3828			< 0.1
3838	< 0.1		
3850	< 0.1		< 0.1
3860		< 0.1	
3873			< 0.1
3880			< 0.1
3883			< 0.001
3889			< 0.01
3893	< 0.1	< 0.1	< 0.1
3900			< 0.1
3908			< 0.1
3918	< 0.1	< 0.1	
3921			< 0.1
3923			< 0.1
3925			< 0.1
3934	< 0.1	< 0.1	
3938			< 0.1
3940			< 0.1
3942			< 0.1
3952		< 0.1	
3953			< 0.1
3957			< 0.1
3959		< 0.1	< 0.01
3960			< 0.1
3961	< 0.1	< 0.1	< 0.1
3967			< 0.1
3969			< 0.1
3980	< 0.1	< 0.1	
3987	< 0.1		
3992			< 0.1
3993	< 0.1	< 0.1	
3996	< 0.1		
3997	< 0.01	< 0.1	
4008			< 0.1
4012		< 0.1	< 0.1
4015			< 0.1
4016		< 0.1	< 0.1
4021		< 0.1	
4024			< 0.1
4026			< 0.1
4030			< 0.1
4035		< 0.1	
4037			< 0.1
4039			< 0.001
4043	< 0.1		
4052			< 0.1
4053	< 0.1	< 0.1	
4054	< 0.1	< 0.1	< 0.1
4056			< 0.1
4057			< 0.1
4058			< 0.1
4059		< 0.1	
4060	< 0.1	< 0.1	
4061	< 0.1	< 0.1	
4062	< 0.1	< 0.01	
4074			< 0.01
4076	< 0.1		
4077			< 0.1
4080	< 0.01	< 0.01	< 0.01
4081			< 0.01
4083			< 0.1
4084			< 0.1
4085	< 0.1		
4086	< 0.1		
4097	< 0.1		< 0.1
4098		< 0.1	
4102	< 0.1	< 0.1	
4111			< 0.1
4114			< 0.01
4115		< 0.1	< 0.1
4117			< 0.1
4121	< 0.1	< 0.1	< 0.1
4124			< 0.1
4129			< 0.1
4137			< 0.1
4139			< 0.1
4141			< 0.1
4143	< 0.1	< 0.1	
4152	< 0.1	< 0.1	
4165			< 0.1
4166	< 0.1		
4167			< 0.1
4177			< 0.1
4178	< 0.1		
4181			< 0.01
4183			< 0.1
4188	< 0.1		
4192			< 0.1
4201		< 0.1	< 0.1
4202			< 0.1
4203	< 0.01	< 0.001	
4209			< 0.1
4210		< 0.1	
4216			< 0.1
4217			< 0.1
4222	< 0.1	< 0.1	< 0.1
4223	< 0.01	< 0.1	
4233	< 0.1	< 0.1	
4234			< 0.1
4237	< 0.1		
4238			< 0.1
4245		< 0.1	
4246	< 0.1		< 0.1
4251			< 0.1
4253	< 0.1		
4255		< 0.1	< 0.1
4257	< 0.1	< 0.1	< 0.01
4261			< 0.1
4262			< 0.1
4263			< 0.1
4265	< 0.1	< 0.1	
4269			< 0.01
4270	< 0.1	< 0.1	< 0.01
4280			< 0.1
4282			< 0.1
4283			< 0.01
4289			< 0.1
4299			< 0.1
4301		< 0.1	< 0.1
4302			< 0.1
4306			< 0.1
4313	< 0.1	< 0.1	
4318	< 0.1		< 0.1
4320	< 0.01	< 0.01	
4328	< 0.1		< 0.1
4344	< 0.1	< 0.1	
4350	< 0.1	< 0.1	
4355		< 0.1	
4356			< 0.1
4368	< 0.1		< 0.01
4374	< 0.01	< 0.1	< 0.01
4378			< 0.1
4379	< 0.1	< 0.1	
4384	< 0.01	< 0.1	
4387	< 0.01	< 0.1	< 0.1
4388			< 0.01
4393	< 0.1	< 0.1	< 0.1
4394			< 0.1
4397	< 0.1		
4398	< 0.1		
4401			< 0.1
4405	< 0.01	< 0.1	
4407	< 0.1		< 0.01
4411	< 0.1	< 0.1	< 0.1
4412	< 0.1	< 0.1	
4417			< 0.1
4418	< 0.1	< 0.1	
4423	< 0.1	< 0.1	< 0.1
4427	< 0.1		< 0.1
4435		< 0.1	
4453			< 0.1
4455		< 0.1	
4458		< 0.1	
4468	< 0.1	< 0.01	< 0.1
4469			< 0.1
4470	< 0.1		< 0.1
4474			< 0.1
4476			< 0.1
4480			< 0.1
4483			< 0.01
4489		< 0.1	
4493			< 0.1
4497			< 0.1
4499	< 0.01	< 0.01	< 0.1
4501			< 0.1
4507			< 0.1
4508			< 0.1
4511			< 0.1
4517	< 0.1	< 0.1	
4519			< 0.1
4522			< 0.1
4528			< 0.1
4536			< 0.1
4542		< 0.1	< 0.1
4543			< 0.1
4548	< 0.1	< 0.01	< 0.01
4550	< 0.1	< 0.1	< 0.01
4551	< 0.1	< 0.1	
4552			< 0.1
4553		< 0.1	
4556			< 0.1
4558			< 0.001
4570	< 0.1		< 0.1
4579			< 0.1
4583		< 0.1	
4594		< 0.1	
4597			< 0.1
4606	< 0.1	< 0.1	< 0.01
4610	< 0.1		
4611	< 0.1		
4622			< 0.1
4625		< 0.1	
4638			< 0.01
4644			< 0.1
4646			< 0.1
4654			< 0.01
4658			< 0.1
4662	< 0.1	< 0.1	
4664	< 0.1	< 0.1	
4669	< 0.1		
4673	< 0.1		
4674		< 0.1	< 0.1
4675	< 0.1	< 0.1	< 0.1
4676	< 0.1		< 0.1
4682	< 0.1		
4690	< 0.01	< 0.1	< 0.1
4702			< 0.01
4711	< 0.1	< 0.1	< 0.1
4713			< 0.01
4715			< 0.1
4720			< 0.01
4722			< 0.1
4724			< 0.1
4729		< 0.1	< 0.1
4731		< 0.1	< 0.01
4737			< 0.001
4742			< 0.1
4743			< 0.1
4744			< 0.1
4746			< 0.1
4749			< 0.1
4752	< 0.1	< 0.1	
4755	< 0.1		
4770	< 0.1		< 0.01
4772	< 0.1	< 0.1	
4774	< 0.1		< 0.1
4775	< 0.1		< 0.001
4777	< 0.1	< 0.1	
4779			< 0.1
4781			< 0.1
4792	< 0.1		< 0.01
4793		< 0.1	
4796			< 0.01
4802			< 0.1
4808	< 0.1	< 0.1	
4810	< 0.1		< 0.1
4813			< 0.01
4818		< 0.1	
4820			< 0.1
4823			< 0.1
4825		< 0.1	
4827	< 0.1		< 0.1
4832	< 0.1		
4834	< 0.1	< 0.1	
4847		< 0.1	< 0.1
4851			< 0.1
4853			< 0.1
4855			< 0.1
4856			< 0.1
4862			< 0.1
4863			< 0.1
4873	< 0.1	< 0.1	
4874	< 0.1	< 0.1	
4877	< 0.1	< 0.1	
4881	< 0.01	< 0.1	
4882	< 0.1		
4883	< 0.1	< 0.1	
4885	< 0.1	< 0.1	
4888			< 0.1
4889		< 0.1	
4890		< 0.1	
4893	< 0.1	< 0.1	
4901	< 0.1	< 0.1	
4902	< 0.1	< 0.1	
4908			< 0.1
4909			< 0.1
4911			< 0.1
4912			< 0.1
4915	< 0.1		
4917	< 0.1	< 0.1	
4918	< 0.01	< 0.1	< 0.1
4919	< 0.1	< 0.1	
4920			< 0.1
4922	< 0.1		
4924	< 0.1		< 0.001
4926	< 0.01	< 0.1	< 0.01
4929			< 0.01
4932			< 0.1
4937	< 0.01	< 0.1	< 0.001
4939		< 0.1	
4940			< 0.1
4943	< 0.1		< 0.01
4951	< 0.1	< 0.1	< 0.1
4952	< 0.1		
4954	< 0.1	< 0.1	
4956			< 0.01
4957	< 0.1		
4960		< 0.1	
4963			< 0.1
4964	< 0.1	< 0.1	
4965			< 0.1
4966	< 0.1		< 0.001
4967			< 0.1
4977	< 0.01	< 0.1	
4978	< 0.1	< 0.1	< 0.1
4980			< 0.01
4989			< 0.1
4996	< 0.1	< 0.1	
4998			< 0.1
4999			< 0.1
5000	< 0.1		
5002	< 0.1	< 0.1	
5003	< 0.1	< 0.1	< 0.01
5004	< 0.1	< 0.1	< 0.1
5007		< 0.1	< 0.1
5011			< 0.1
5013			< 0.001
5014	< 0.1		< 0.01
5022	< 0.1		< 0.01
5030			< 0.1
5034	< 0.1		
5038			< 0.1
5039	< 0.1		
5042	< 0.1		< 0.01
5043			< 0.001
5044			< 0.01
5045			< 0.001
5054		< 0.1	
5057			< 0.1
5061	< 0.1	< 0.1	< 0.001
5062	< 0.01	< 0.1	< 0.01
5066	< 0.01	< 0.1	
5069	< 0.1		
5072			< 0.001
5073			< 0.1
5075			< 0.01
5076		< 0.1	
5081	< 0.1		< 0.1
5086			< 0.1
5087	< 0.1		< 0.01
5088			< 0.01
5090			< 0.01
5092			< 0.01
5094			< 0.1
5099	< 0.01	< 0.1	< 0.001
5103			< 0.1
5104	< 0.1		< 0.1
5117			< 0.1
5121			< 0.1
5122			< 0.1
5124	< 0.1		< 0.1
5130	< 0.1		< 0.001
5131			< 0.1
5132			< 0.1
5133			< 0.1
5136			< 0.1
5141			< 0.1
5142			< 0.01
5146			< 0.001
5151			< 0.01
5154	< 0.1	< 0.01	
5155		< 0.1	
5165			< 0.01
5170	< 0.1	< 0.1	
5172	< 0.1		
5175			< 0.1
5176	< 0.1	< 0.1	< 0.01
5182	< 0.1	< 0.1	
5185	< 0.1		< 0.1
5189			< 0.1
5196		< 0.1	
5197		< 0.1	
5201			< 0.1
5205	< 0.1	< 0.1	< 0.1
5208			< 0.1
5210		< 0.1	
5211	< 0.01		
5212	< 0.1		
5216	< 0.1		< 0.1
5219			< 0.001
5222			< 0.1
5223	< 0.1		
5230			< 0.1
5231		< 0.1	< 0.01
5234			< 0.1
5238			< 0.1
5244			< 0.1
5246	< 0.1		< 0.1
5247		< 0.1	
5249		< 0.1	< 0.1
5250	< 0.001	< 0.1	< 0.1
5253			< 0.1
5255			< 0.1
5257	< 0.1		< 0.01
5260		< 0.1	< 0.1
5261	< 0.1		< 0.1
5262	< 0.1	< 0.1	< 0.1
5263			< 0.1
5266	< 0.1	< 0.1	< 0.01
5267			< 0.001
5269	< 0.1		< 0.1
5270		< 0.1	
5275	< 0.1		< 0.1
5276			< 0.1
5277		< 0.01	
5280			< 0.1
5281	< 0.1		
5288		< 0.1	
5289	< 0.1		
5298			< 0.1
5300			< 0.1
5301	< 0.1	< 0.1	< 0.1
5308		< 0.1	< 0.1
5309			< 0.1
5310		< 0.1	
5314			< 0.1
5315	< 0.1		< 0.1
5319		< 0.1	
5325			< 0.1
5328	< 0.1		< 0.01
5330	< 0.1		< 0.1
5331	< 0.1		< 0.01
5345	< 0.01	< 0.1	< 0.001
5350		< 0.01	
5351	< 0.1	< 0.1	
5355	< 0.1		< 0.1
5364	< 0.1	< 0.1	
5367			< 0.1
5369			< 0.1
5373			< 0.1
5375			< 0.1
5376		< 0.1	
5380	< 0.1	< 0.1	< 0.01
5382			< 0.1
5384			< 0.1
5385	< 0.1	< 0.1	< 0.01
5386			< 0.1
5387			< 0.1
5392			< 0.1
5395		< 0.1	
5397	< 0.1	< 0.1	
5398	< 0.1	< 0.1	
5400	< 0.1	< 0.1	
5402	< 0.1	< 0.1	
5405		< 0.1	
5406	< 0.1		
5408			< 0.01
5409	< 0.1	< 0.1	< 0.1
5411		< 0.1	
5416			< 0.1
5420	< 0.1	< 0.1	
5422	< 0.1		
5424	< 0.01	< 0.01	< 0.001
5425			< 0.1
5426		< 0.1	< 0.1
5429	< 0.01	< 0.1	
5433	< 0.1		< 0.1
5444	< 0.1	< 0.1	
5448		< 0.1	< 0.1
5451	< 0.1		< 0.01
5457	< 0.01	< 0.1	
5460	< 0.1	< 0.1	
5461	< 0.1	< 0.1	
5464	< 0.1	< 0.1	< 0.001
5465	< 0.1	< 0.1	< 0.1
5466	< 0.1	< 0.1	< 0.1
5467	< 0.1	< 0.01	
5472	< 0.01	< 0.01	
5475	< 0.1	< 0.01	
5476	< 0.1	< 0.1	
5478	< 0.001	< 0.001	< 0.1
5479	< 0.1	< 0.1	
5482	< 0.1		< 0.1
5483		< 0.1	
5487		< 0.1	
5490			< 0.1
5492			< 0.01
5494	< 0.1		
5495			< 0.01
5497	< 0.1	< 0.1	
5500	< 0.1		
5501	< 0.1	< 0.1	
5502		< 0.1	
5503	< 0.1		< 0.1
5508	< 0.1	< 0.1	
5509			< 0.1
5512			< 0.1
5513			< 0.1
5522			< 0.1
5527			< 0.1
5534			< 0.01
5541		< 0.1	
5542			< 0.1
5545			< 0.1
5551			< 0.1
5554	< 0.1	< 0.1	< 0.1
5601			< 0.1
5639		< 0.1	< 0.1
5647			< 0.1
5650		< 0.1	< 0.1
5653		< 0.1	
5679	< 0.1		
5699	< 0.01	< 0.01	
5704			< 0.01
5719			< 0.1
5725	< 0.01	< 0.01	< 0.01
5727	< 0.1	< 0.1	
5729	< 0.1	< 0.1	
5730		< 0.1	
5732	< 0.01	< 0.001	
5735	< 0.1	< 0.01	
5737	< 0.001	< 0.001	
5739	< 0.1	< 0.1	
5741	< 0.01	< 0.01	
5742			< 0.1
5743	< 0.1		
5746		< 0.1	
5748	< 0.1	< 0.01	
5753		< 0.1	
5754	< 0.1	< 0.1	
5756	< 0.1	< 0.1	
5758		< 0.1	
5759			< 0.1
5760		< 0.1	
5764	< 0.1	< 0.1	
5771			< 0.1
5777	< 0.1	< 0.01	
5778		< 0.1	
5779		< 0.1	
5788		< 0.1	
5790			< 0.1
5796	< 0.1	< 0.1	
5801			< 0.1
5802	< 0.1		
5804			< 0.1
5810			< 0.01
5813			< 0.1
5818			< 0.1
5829	< 0.1	< 0.1	
5831		< 0.1	
5843	< 0.1	< 0.1	
5844			< 0.1
5857	< 0.1		< 0.1
5858	< 0.01	< 0.01	
5869	< 0.1		
5875		< 0.1	
5882			< 0.1
5883			< 0.1
5885			< 0.1
5886			< 0.1
5912			< 0.1
5922	< 0.1	< 0.01	
5928			< 0.1
5934	< 0.1	< 0.1	< 0.1
5939			< 0.1
5958			< 0.1
5965			< 0.1
5967	< 0.1	< 0.1	
5969			< 0.1
5974			< 0.1
5976			< 0.1
5980			< 0.1
5981		< 0.1	
6002			< 0.1
6004		< 0.1	
6006			< 0.1
6011			< 0.1
6014			< 0.01
6015			< 0.1
6018			< 0.1
6021			< 0.1
6027			< 0.01
6030		< 0.1	< 0.01
6041		< 0.1	
6044		< 0.1	
6047	< 0.1	< 0.1	
6059	< 0.1	< 0.1	
6062			< 0.1
6065	< 0.1		
6070	< 0.1	< 0.1	< 0.1
6076			< 0.1
6079			< 0.1
6082			< 0.1
6087			< 0.1
6088			< 0.1
6093			< 0.1
6096			< 0.01
6105		< 0.1	
6106	< 0.1		
6109			< 0.1
6115			< 0.1
6118			< 0.1
6132		< 0.1	
6133	< 0.1	< 0.1	
6140			< 0.1
6153			< 0.1
6154			< 0.1
6166	< 0.1		
6167	< 0.1	< 0.1	
6168			< 0.1
6170			< 0.1
6174			< 0.1
6175			< 0.1
6189			< 0.1
6192		< 0.1	
6196			< 0.1
6200	< 0.01	< 0.01	
6205	< 0.1		< 0.01
6206	< 0.1	< 0.1	< 0.1
6211	< 0.1	< 0.1	
6212			< 0.1
6213	< 0.1	< 0.01	
6218	< 0.001	< 0.01	< 0.1
6221			< 0.1
6222			< 0.1
6227	< 0.1	< 0.1	< 0.1
6237	< 0.1	< 0.01	
6241	< 0.1	< 0.1	
6247	< 0.1		
6250		< 0.1	
6252	< 0.01	< 0.01	< 0.1
6256			< 0.1
6261			< 0.01
6268			< 0.1
6269			< 0.1
6281		< 0.1	
6287		< 0.1	
6290			< 0.1
6291			< 0.1
6296			< 0.1
6301	< 0.1	< 0.1	
6305		< 0.1	
6307		< 0.1	
6312			< 0.1
6319			< 0.1
6326			< 0.1
6331	< 0.1		< 0.1
6332		< 0.1	
6333			< 0.01
6338			< 0.1
6343			< 0.01
6346		< 0.1	
6350	< 0.1	< 0.01	
6352	< 0.1	< 0.01	
6356			< 0.1
6358			< 0.01
6359	< 0.1	< 0.01	
6362	< 0.01	< 0.01	
6370			< 0.1
6371	< 0.1	< 0.1	
6377	< 0.1	< 0.01	
6389	< 0.1		< 0.001
6392			< 0.1
6393			< 0.1
6396			< 0.001
6400	< 0.1	< 0.1	
6408		< 0.1	
6409			< 0.1
6415			< 0.1
6416		< 0.1	
6417	< 0.1	< 0.1	
6428			< 0.01
6438		< 0.1	
6439		< 0.1	< 0.1
6444	< 0.1		
6445			< 0.1
6449			< 0.1
6450	< 0.1		< 0.1
6454		< 0.01	
6455		< 0.1	
6456			< 0.1
6459			< 0.01
6461		< 0.1	
6467	< 0.1		
6470		< 0.1	
6471			< 0.01
6473			< 0.1
6477	< 0.1	< 0.01	< 0.1
6478			< 0.1
6481	< 0.1	< 0.01	
6483			< 0.01
6487			< 0.1
6489	< 0.1	< 0.1	
6498	< 0.1	< 0.01	< 0.1
6499		< 0.1	< 0.1
6501			< 0.1
6504			< 0.01
6506			< 0.1
6507			< 0.1
6509		< 0.1	
6514			< 0.01
6516			< 0.01
6524		< 0.1	< 0.1
6540		< 0.1	
6545		< 0.01	
6558		< 0.1	
6559		< 0.1	
6562			< 0.1
6563	< 0.1	< 0.001	
6564		< 0.1	
6565			< 0.1
6567			< 0.1
6572		< 0.1	
6573			< 0.1
6574			< 0.1
6579		< 0.1	
6581		< 0.1	
6583			< 0.1
6588			< 0.1
6590	< 0.1	< 0.001	
6591		< 0.1	
6593	< 0.1	< 0.01	< 0.1
6594	< 0.1	< 0.001	
6595		< 0.1	
6598			< 0.1
6602			< 0.1
6605			< 0.1
6615		< 0.1	
6620		< 0.1	
6631		< 0.1	
6634		< 0.1	
6640		< 0.1	
6651		< 0.1	
6655		< 0.01	
6662			< 0.1
6673			< 0.1
6678	< 0.1	< 0.1	
6681		< 0.01	
6693	< 0.1	< 0.1	< 0.1
6697	< 0.1		< 0.1
6698		< 0.1	
6699		< 0.1	
6708			< 0.1
6714	< 0.1	< 0.01	
6716		< 0.1	
6721	< 0.1	< 0.1	
6739	< 0.1		
6743		< 0.01	
6746	< 0.1	< 0.1	
6749		< 0.1	
6754	< 0.1	< 0.1	
6755			< 0.1
6756		< 0.1	
6762		< 0.1	
6766	< 0.1		
6774			< 0.1
6783			< 0.1
6784	< 0.1	< 0.1	
6789	< 0.1	< 0.001	
6794		< 0.1	
6796		< 0.1	
6798	< 0.1	< 0.1	
6801	< 0.1	< 0.01	
6803	< 0.1	< 0.1	
6806	< 0.1	< 0.1	
6808		< 0.1	
6811		< 0.1	
6816		< 0.1	
6820	< 0.1	< 0.1	< 0.01
6822	< 0.1	< 0.1	
6831		< 0.1	
6833			< 0.1
6835	< 0.1		< 0.1
6848			< 0.1
6849			< 0.1
6850	< 0.1		
6865			< 0.1
6867		< 0.1	
6885			< 0.1
6897			< 0.1
6898	< 0.001	< 0.001	
6899		< 0.1	
6910		< 0.1	
6919		< 0.1	
6920	< 0.1	< 0.1	
6924		< 0.1	
6937			< 0.1
6939		< 0.1	
6946		< 0.1	
6952		< 0.1	
6955			< 0.1
6971	< 0.1		
6977			< 0.1
6984		< 0.1	
6985		< 0.1	
6986		< 0.1	
6990		< 0.1	
6993	< 0.1	< 0.1	< 0.1
6997		< 0.1	
7000		< 0.1	
7002			< 0.1
7004			< 0.1
7006			< 0.1
7007			< 0.1
7008			< 0.1
7010	< 0.1	< 0.1	< 0.1
7015	< 0.1	< 0.1	
7016	< 0.1	< 0.01	
7018		< 0.1	< 0.1
7021	< 0.1	< 0.1	
7022		< 0.1	
7025			< 0.1
7027			< 0.1
7029			< 0.1
7032	< 0.1		
7034			< 0.1
7047			< 0.1
7048			< 0.1
7049			< 0.1
7051			< 0.1
7053			< 0.1
7056			< 0.01
7063			< 0.1
7068	< 0.1		< 0.1
7069			< 0.1
7072	< 0.1	< 0.1	< 0.1
7079	< 0.01	< 0.1	
7087	< 0.1	< 0.1	
7088			< 0.01
7094			< 0.1
7096			< 0.1
7107	< 0.1	< 0.01	
7112			< 0.1
7115			< 0.1
7119		< 0.1	
7127		< 0.1	
7132	< 0.1	< 0.1	
7133			< 0.01
7136	< 0.1	< 0.1	
7137			< 0.1
7138	< 0.1		
7142		< 0.1	
7147		< 0.1	
7152	< 0.1	< 0.01	
7158		< 0.1	
7164			< 0.1
7169			< 0.1
7172		< 0.1	
7179		< 0.1	
7182			< 0.1
7185			< 0.1
7191		< 0.1	
7200			< 0.1
7203	< 0.1	< 0.1	
7214			< 0.01
7217			< 0.1
7219			< 0.1
7221	< 0.1		< 0.01
7224		< 0.1	
7229	< 0.1	< 0.1	
7231			< 0.1
7232		< 0.1	
7236	< 0.1	< 0.1	< 0.1
7243	< 0.1		< 0.1
7249		< 0.1	
7250			< 0.1
7252			< 0.1
7262		< 0.1	
7266	< 0.1		
7267			< 0.01
7269	< 0.1	< 0.01	
7276	< 0.1	< 0.01	< 0.1
7277	< 0.1		< 0.1
7287			< 0.01
7288	< 0.1	< 0.1	
7308	< 0.1		
7316			< 0.1
7317	< 0.1	< 0.01	
7324			< 0.1
7326	< 0.1	< 0.1	
7335			< 0.1
7338			< 0.1
7347		< 0.1	< 0.1
7351	< 0.01	< 0.1	
7357			< 0.1
7360			< 0.1
7366			< 0.1
7373		< 0.1	
7374			< 0.1
7384	< 0.1	< 0.1	
7389	< 0.1	< 0.1	
7390	< 0.01	< 0.1	
7391	< 0.1	< 0.1	
7398	< 0.1	< 0.1	
7405	< 0.1	< 0.1	
7410	< 0.1	< 0.1	
7411			< 0.1
7415		< 0.1	
7419	< 0.1	< 0.01	
7420			< 0.1
7427			< 0.1
7435			< 0.1
7444		< 0.1	
7459	< 0.1	< 0.1	
7460	< 0.1	< 0.1	< 0.1
7463			< 0.1
7473	< 0.1	< 0.01	
7474			< 0.1
7477			< 0.01
7478		< 0.1	
7480		< 0.1	
7481	< 0.01	< 0.1	
7484	< 0.1	< 0.1	
7490	< 0.1	< 0.1	
7494			< 0.1
7495			< 0.1
7501	< 0.1		
7502			< 0.1
7504	< 0.1		
7505			< 0.1
7509			< 0.1
7511	< 0.1	< 0.1	
7515	< 0.1	< 0.1	
7529			< 0.1
7536	< 0.1		< 0.1
7538	< 0.1		
7550		< 0.1	
7553	< 0.1		
7570		< 0.1	
7606	< 0.1		
7642			< 0.1
7684			< 0.1
7688	< 0.1	< 0.01	
7703	< 0.1		
7704			< 0.1
7714		< 0.1	
7739			< 0.1
7740	< 0.1		
7744	< 0.1	< 0.1	< 0.1
7750	< 0.1	< 0.1	
7752	< 0.1	< 0.1	
7755		< 0.1	
7758			< 0.1
7760	< 0.01	< 0.001	< 0.01
7761		< 0.1	
7766		< 0.1	< 0.1
7768		< 0.01	
7769		< 0.1	< 0.1
7770		< 0.1	
7771	< 0.1	< 0.1	
7772		< 0.1	
7775	< 0.1	< 0.1	
7778	< 0.1	< 0.1	
7783			< 0.1
7785		< 0.1	
7786	< 0.1		< 0.1
7787		< 0.1	
7789	< 0.1		
7793		< 0.1	
7796		< 0.1	
7800		< 0.1	
7801	< 0.01	< 0.1	
7829		< 0.1	
7831			< 0.1
7835	< 0.1	< 0.1	
7839			< 0.1
7843			< 0.1
7845			< 0.1
7852	< 0.1	< 0.1	
7853			< 0.1
7855	< 0.1	< 0.1	
7856	< 0.1		
7864	< 0.1	< 0.1	
7865	< 0.1	< 0.1	< 0.1
7866	< 0.1	< 0.01	
7868		< 0.1	
7877	< 0.1		
7883	< 0.1		
7886		< 0.1	
7892			< 0.1
7899			< 0.1
7901	< 0.1		
7924	< 0.1	< 0.1	< 0.1
7981	< 0.1		< 0.1
7989			< 0.1
7993	< 0.1		
7996			< 0.1
8004	< 0.1		< 0.1
8006			< 0.1
8010		< 0.1	
8030			< 0.1
8033	< 0.1		
8034	< 0.1		
8047	< 0.001	< 0.001	< 0.1
8050			< 0.1
8054	< 0.1		
8057			< 0.1
8058	< 0.1		< 0.1
8059	< 0.1	< 0.01	
8062			< 0.1
8065			< 0.01
8066		< 0.1	< 0.1
8067	< 0.1		
8069			< 0.1
8072			< 0.1
8074			< 0.1
8076			< 0.01
8077	< 0.1	< 0.1	
8083	< 0.1		< 0.1
8084			< 0.1
8092			< 0.1
8093			< 0.01
8095			< 0.1
8097			< 0.01
8098			< 0.1
8100			< 0.001
8101	< 0.1		< 0.1
8104	< 0.01	< 0.01	< 0.1
8106			< 0.1
8115	< 0.1	< 0.1	< 0.1
8116		< 0.1	
8117			< 0.1
8118			< 0.1
8119			< 0.01
8122		< 0.1	
8125	< 0.1	< 0.1	
8130	< 0.01	< 0.1	
8131	< 0.1	< 0.01	
8132	< 0.1		< 0.01
8133			< 0.1
8138		< 0.1	
8139			< 0.1
8140	< 0.1		
8143	< 0.1		
8148	< 0.1	< 0.1	< 0.1
8150	< 0.1		
8156			< 0.1
8157			< 0.01
8161			< 0.1
8164	< 0.1		
8166	< 0.1		
8167	< 0.1		< 0.01
8171			< 0.1
8172			< 0.1
8182	< 0.01	< 0.01	
8184	< 0.1		
8185			< 0.1
8196			< 0.1
8197	< 0.1	< 0.1	
8199		< 0.1	
8200			< 0.1
8205	< 0.01	< 0.1	
8206	< 0.1		
8208	< 0.1	< 0.1	< 0.1
8214			< 0.01
8224	< 0.1		< 0.01
8232		< 0.1	
8240	< 0.1	< 0.1	
8260		< 0.1	
8274	< 0.1		
8285			< 0.1
8289	< 0.1	< 0.1	
8301	< 0.1		
8302	< 0.1		
8305	< 0.1	< 0.1	
8306	< 0.1		
8307			< 0.1
8308			< 0.01
8312	< 0.1	< 0.1	
8318		< 0.1	
8320	< 0.1		
8328			< 0.1
8331		< 0.1	
8336	< 0.1	< 0.01	
8343	< 0.1		< 0.01
8351	< 0.1		
8358	< 0.01	< 0.1	
8367			< 0.1
8454		< 0.1	
8464			< 0.1
8470			< 0.1
8472			< 0.1
8476			< 0.1
8479			< 0.1
8490	< 0.1		
8495	< 0.01		
8498			< 0.1
8503	< 0.1		< 0.1
8505	< 0.1		
8507	< 0.1		
8511	< 0.1		
8512			< 0.001
8515			< 0.01
8519		< 0.1	< 0.1
8524		< 0.1	< 0.1
8530			< 0.1
8535			< 0.1
8538			< 0.01
8539		< 0.1	< 0.1
8540			< 0.1
8558			< 0.1
8559			< 0.1
8563	< 0.01	< 0.01	
8569	< 0.1		< 0.1
8571			< 0.1
8583			< 0.1
8585	< 0.1		< 0.1
8587			< 0.1
8591	< 0.1		
8596			< 0.1
8599	< 0.1		< 0.1
8602	< 0.1	< 0.1	
8606		< 0.1	
8632			< 0.1
8633		< 0.01	
8636	< 0.1		
8651	< 0.1	< 0.1	
8668	< 0.1	< 0.1	
8672	< 0.1		
8675			< 0.1
8683	< 0.1		< 0.1
8685	< 0.1		
8688	< 0.1		
8689		< 0.1	
8690			< 0.1
8691		< 0.1	
8700			< 0.01
8701	< 0.1	< 0.1	
8702		< 0.1	
8706			< 0.1
8710	< 0.1		
8715	< 0.1		
8717	< 0.1	< 0.1	
8729		< 0.1	
8731	< 0.1	< 0.1	< 0.1
8732	< 0.1	< 0.01	< 0.1
8742			< 0.1
8747		< 0.1	< 0.1
8748			< 0.1
8752			< 0.1
8753	< 0.1	< 0.1	
8756	< 0.1		< 0.001
8757		< 0.1	
8763			< 0.01
8764			< 0.1
8765			< 0.1
8771			< 0.1
8777			< 0.1
8781			< 0.1
8782			< 0.1
8787			< 0.1
8788			< 0.1
8789	< 0.1	< 0.1	< 0.01
8790			< 0.1
8795	< 0.1		< 0.01
8799	< 0.1		< 0.1
8803			< 0.01
8806	< 0.1	< 0.1	< 0.1
8812	< 0.1		< 0.01
8813			< 0.1
8814			< 0.1
8819			< 0.01
8823		< 0.1	< 0.1
8825			< 0.1
8826			< 0.01
8839			< 0.1
8848	< 0.1		
8849			< 0.1
8853			< 0.1
8854			< 0.1
8860	< 0.1		
8861			< 0.1
8866			< 0.1
8870			< 0.1
8878			< 0.1
8881			< 0.1
8885			< 0.01
8889	< 0.1	< 0.1	< 0.1
8897	< 0.1	< 0.1	
8904			< 0.1
8908	< 0.1	< 0.1	
8909			< 0.1
8945			< 0.1
8954			< 0.1
8961	< 0.1		
8962	< 0.1	< 0.1	
8967	< 0.1	< 0.1	
8968	< 0.1		
8969			< 0.1
8970	< 0.1	< 0.1	
8971			< 0.1
8972			< 0.1
8981	< 0.01	< 0.01	< 0.1
8987			< 0.1
8996	< 0.01	< 0.01	< 0.1
8997		< 0.1	< 0.1
8999			< 0.1
9000		< 0.1	< 0.1
9001			< 0.01
9006	< 0.1		< 0.1
9022	< 0.1	< 0.1	< 0.01
9037	< 0.1	< 0.1	
9064			< 0.1
9068	< 0.01	< 0.1	< 0.01
9069			< 0.1
9070	< 0.1	< 0.1	< 0.1
9079	< 0.01	< 0.1	
9080			< 0.1
9086			< 0.1
9091	< 0.1	< 0.1	
9098	< 0.1	< 0.1	
9104			< 0.1
9110	< 0.1		
9117	< 0.1	< 0.1	
9123	< 0.1	< 0.01	
9127	< 0.1	< 0.1	< 0.1
9128			< 0.1
9146		< 0.1	
9153			< 0.1
9161	< 0.01	< 0.01	
9166	< 0.1	< 0.1	
9169			< 0.01
9173	< 0.1		< 0.01
9179			< 0.1
9183			< 0.001
9201			< 0.1
9212	< 0.1	< 0.1	
9230			< 0.1
9235	< 0.001	< 0.01	
9240			< 0.1
9246			< 0.1
9248		< 0.1	
9264			< 0.1
9265			< 0.1
9273			< 0.1
9274			< 0.1
9286			< 0.1
9295	< 0.1		
9301			< 0.1
9303	< 0.1	< 0.1	
9307			< 0.1
9312			< 0.1
9317	< 0.1	< 0.1	
9318			< 0.1
9319		< 0.1	
9322			< 0.1
9334			< 0.1
9335	< 0.1		
9341	< 0.1		
9342			< 0.1
9346	< 0.1	< 0.1	
9348			< 0.1
9354	< 0.1		
9363			< 0.01
9365		< 0.1	
9367		< 0.1	
9378	< 0.1		
9385			< 0.1
9395	< 0.1		
9398			< 0.1
9408			< 0.01
9409	< 0.1	< 0.1	< 0.1
9415			< 0.1
9418	< 0.001	< 0.001	
9424			< 0.1
9426			< 0.1
9439	< 0.1	< 0.1	
9446	< 0.1		
9447		< 0.1	
9456	< 0.1	< 0.01	
9457		< 0.1	
9464	< 0.1	< 0.1	< 0.1
9468	< 0.1		
9479			< 0.1
9483		< 0.1	
9489			< 0.1
9490	< 0.1		
9495	< 0.1		
9497		< 0.1	< 0.01
9498	< 0.1	< 0.1	< 0.01
9509	< 0.1	< 0.1	< 0.1
9512			< 0.1
9513		< 0.1	
9514		< 0.1	< 0.01
9518	< 0.1	< 0.1	< 0.01
9523	< 0.1	< 0.1	< 0.01
9524	< 0.1		
9533	< 0.1	< 0.1	< 0.1
9540			< 0.1
9541	< 0.01	< 0.1	< 0.1
9543			< 0.01
9548	< 0.1		< 0.1
9550	< 0.1	< 0.1	
9552	< 0.1	< 0.1	< 0.1
9555	< 0.1	< 0.1	
9562	< 0.1	< 0.1	< 0.1
9566	< 0.1	< 0.1	
9567		< 0.1	
9569	< 0.01	< 0.1	< 0.01
9570			< 0.01
9572	< 0.1		
9577			< 0.01
9579			< 0.1
9581	< 0.1	< 0.01	< 0.01
9587	< 0.1	< 0.1	
9589	< 0.1		< 0.001
9590			< 0.1
9596	< 0.1	< 0.1	
9599			< 0.1
9612		< 0.1	
9619	< 0.1	< 0.1	
9620		< 0.1	
9621			< 0.1
9623			< 0.01
9624			< 0.1
9644	< 0.1	< 0.1	< 0.1
9647			< 0.1
9659	< 0.1	< 0.1	
9660	< 0.1	< 0.1	
9664			< 0.1
9668	< 0.1	< 0.1	
9669			< 0.1
9672	< 0.1	< 0.1	
9682			< 0.1
9692	< 0.1	< 0.1	
9695	< 0.1	< 0.1	< 0.1
9713	< 0.1		
9716		< 0.1	< 0.1
9717			< 0.1
9727	< 0.1	< 0.1	
9733			< 0.01
9738	< 0.1	< 0.1	< 0.1
9742			< 0.1
9743			< 0.1
9744	< 0.1	< 0.1	< 0.1
9751			< 0.1
9765	< 0.1		
9770			< 0.1
9772			< 0.1
9774	< 0.1	< 0.01	
9775			< 0.1
9776			< 0.1
9783			< 0.1
9790	< 0.1		
9795			< 0.1
9796	< 0.1	< 0.1	
9804		< 0.1	
9813	< 0.01	< 0.1	< 0.1
9819	< 0.1		
9822	< 0.01	< 0.1	< 0.01
9856			< 0.01
9865		< 0.1	
9879			< 0.1
9885		< 0.1	
9891			< 0.1
9892	< 0.1		< 0.01
9893		< 0.1	
9895	< 0.1		< 0.1
9897	< 0.1	< 0.01	< 0.1
9903	< 0.1		
9907		< 0.1	< 0.1
9918		< 0.1	
9931	< 0.1	< 0.1	
9932		< 0.1	< 0.1
9933		< 0.1	
9934		< 0.1	
9936		< 0.1	
9940	< 0.1	< 0.01	
9943	< 0.1	< 0.1	
9944		< 0.1	
9956		< 0.1	
9965	< 0.1	< 0.1	
9970			< 0.1
9979		< 0.1	
9990		< 0.1	
9993	< 0.1		< 0.1
9996	< 0.01	< 0.001	< 0.01
9998			< 0.1
10003		< 0.1	
10004	< 0.1		< 0.1
10008		< 0.1	
10012		< 0.1	< 0.1
10013			< 0.1
10016		< 0.1	
10020			< 0.1
10027		< 0.1	
10034	< 0.1		< 0.01
10044	< 0.1		
10050			< 0.1
10054			< 0.1
10055			< 0.01
10058			< 0.1
10059			< 0.1
10069		< 0.1	
10071	< 0.1		
10074	< 0.1	< 0.1	
10077			< 0.1
10080		< 0.1	
10087	< 0.1		< 0.1
10093			< 0.1
10098	< 0.1	< 0.1	< 0.1
10108		< 0.1	
10112	< 0.1	< 0.1	
10121	< 0.01	< 0.1	
10132			< 0.1
10150	< 0.1		
10162			< 0.1
10165	< 0.1	< 0.1	
10166			< 0.01
10168	< 0.1		
10169			< 0.1
10174			< 0.1
10177			< 0.1
10178	< 0.1		
10180	< 0.1	< 0.1	
10188			< 0.1
10194			< 0.1
10201			< 0.1
10209		< 0.1	
10211			< 0.1
10220			< 0.1
10221			< 0.1
10226			< 0.1
10227			< 0.1
10231	< 0.1	< 0.1	
10253	< 0.01	< 0.1	< 0.001
10266		< 0.1	< 0.1
10270			< 0.01
10271			< 0.1
10275	< 0.01	< 0.1	< 0.001
10276	< 0.1	< 0.1	
10279	< 0.1	< 0.1	
10280			< 0.1
10281	< 0.1	< 0.01	< 0.1
10294			< 0.1
10295	< 0.1	< 0.1	
10301	< 0.01	< 0.1	
10302		< 0.1	
10306	< 0.1	< 0.01	
10307	< 0.1	< 0.1	
10308	< 0.01	< 0.01	
10309	< 0.1	< 0.1	
10311		< 0.1	
10313	< 0.1		
10320	< 0.1		
10321			< 0.1
10330			< 0.1
10332		< 0.1	< 0.1
10336			< 0.1
10338		< 0.1	
10340		< 0.1	
10341		< 0.1	
10342	< 0.1		
10345	< 0.1	< 0.01	< 0.1
10350	< 0.1		
10351			< 0.1
10356		< 0.1	< 0.1
10357		< 0.1	
10359	< 0.1	< 0.1	< 0.1
10360	< 0.1	< 0.1	
10361	< 0.1	< 0.1	
10363			< 0.1
10364			< 0.1
10366	< 0.1		
10367			< 0.1
10369	< 0.1	< 0.1	
10372			< 0.01
10373			< 0.1
10393	< 0.1		
10396	< 0.1	< 0.1	< 0.01
10408			< 0.1
10413		< 0.1	
10415		< 0.1	
10420		< 0.1	
10421		< 0.1	
10425		< 0.1	
10431			< 0.1
10432		< 0.1	
10436		< 0.1	
10439		< 0.1	
10441		< 0.1	
10443		< 0.1	
10447		< 0.1	
10452	< 0.1	< 0.01	
10459	< 0.1	< 0.1	
10461	< 0.1		
10468	< 0.1	< 0.01	
10470			< 0.1
10471		< 0.1	
10473	< 0.1	< 0.01	
10486			< 0.1
10490		< 0.1	
10491			< 0.01
10497			< 0.1
10501		< 0.1	
10511	< 0.1	< 0.1	
10520	< 0.1	< 0.1	
10533	< 0.1		
10535	< 0.1	< 0.1	< 0.1
10536	< 0.1		
10538		< 0.1	
10539		< 0.1	
10547	< 0.1	< 0.1	
10560			< 0.1
10569			< 0.1
10578			< 0.1
10579	< 0.1		< 0.1
10581			< 0.1
10596	< 0.1		
10600		< 0.1	
10603	< 0.1		< 0.1
10606		< 0.1	< 0.1
10635	< 0.1		< 0.1
10639	< 0.01		
10645			< 0.1
10671	< 0.1		
10676			< 0.1
10678	< 0.01	< 0.01	
10684		< 0.1	
10686		< 0.1	
10702		< 0.1	
10713		< 0.01	
10717		< 0.01	
10722			< 0.1
10726			< 0.1
10734			< 0.1
10735	< 0.1		
10744	< 0.1		
10745	< 0.1	< 0.1	< 0.1
10747		< 0.1	
10757	< 0.01	< 0.01	< 0.1
10760	< 0.1		
10765	< 0.01	< 0.1	
10767			< 0.1
10773	< 0.1	< 0.1	
10782	< 0.01	< 0.001	
10785			< 0.1
10788	< 0.1	< 0.1	
10789	< 0.1	< 0.1	< 0.1
10793			< 0.1
10803		< 0.1	
10824			< 0.1
10831		< 0.1	
10851			< 0.1
10858			< 0.1
10859		< 0.1	
10871			< 0.1
10872	< 0.1	< 0.1	< 0.1
10873	< 0.1	< 0.1	
10888			< 0.1
10896			< 0.1
10897			< 0.1
10899			< 0.1
10909		< 0.1	
10921		< 0.1	
10926			< 0.1
10932		< 0.1	
10933			< 0.1
10938			< 0.1
10942			< 0.1
10946	< 0.1		
10955		< 0.1	
10956	< 0.1		
10962		< 0.1	< 0.1
10964	< 0.1		
10978	< 0.1		
10988	< 0.1		< 0.1
10991			< 0.01
10996		< 0.1	
10998		< 0.1	< 0.1
10999	< 0.1	< 0.1	
11005	< 0.1	< 0.1	
11007	< 0.1	< 0.1	
11010	< 0.1	< 0.1	
11016	< 0.1		
11018			< 0.1
11026	< 0.1		
11030			< 0.1
11034			< 0.1
11037	< 0.1	< 0.1	< 0.1
11039			< 0.1
11043	< 0.01		< 0.01
11045	< 0.1		
11050			< 0.1
11063		< 0.1	
11081			< 0.01
11083	< 0.1	< 0.1	< 0.1
11109	< 0.1		
11112			< 0.01
11123	< 0.1		
11138		< 0.1	
11142			< 0.1
11143		< 0.1	< 0.1
11148			< 0.1
11149		< 0.1	
11152	< 0.1	< 0.1	< 0.1
11161	< 0.1	< 0.1	< 0.01
11166		< 0.1	
11170		< 0.1	
11184	< 0.1		
11186			< 0.1
11189			< 0.01
11198			< 0.1
11213		< 0.1	
11214	< 0.1		
11216	< 0.01		
11221		< 0.1	
11226		< 0.1	
